INSERT INTO countries (id, code, name, flag_url)
VALUES (1, 'USA', 'United States', 'https://example.com/flag_usa.jpg'),
       (2, 'CAN', 'Canada', 'https://example.com/flag_canada.jpg'),
       (3, 'GBR', 'Great Britain', 'https://example.com/flag_uk.jpg'),
       (4, 'AUS', 'Australia', 'https://example.com/flag_australia.jpg'),
       (5, 'UKR', 'Ukraine', 'https://example.com/flag_ukraine.jpg'),
       (6, 'FRA', 'France', 'https://example.com/flag_france.jpg'),
       (7, 'GER', 'Germany', 'https://example.com/flag_germany.jpg'),
       (8, 'NLD', 'Netherlands', 'https://example.com/flag_netherlands.jpg'),
       (9, 'ITA', 'Italy', 'https://example.com/flag_italy.jpg'),
       (10, 'CHN', 'China', 'https://example.com/flag_china.jpg'),
       (11, 'JPN', 'Japan', 'https://example.com/flag_japan.jpg'),
       (12, 'IRL', 'Ireland', 'https://example.com/flag_ireland.jpg');

INSERT INTO movies (id, title_ukr, title_original, poster_url, year, dub_language, country_id, age_limit, duration,
                    imdb_rating, description, trailer_url, format, likes, dislikes, start_rental_date,
                    final_rental_date, created_at, updated_at, status)
VALUES (1, 'Повстання штатів', 'Civil War',
        '../img/civil-war.jpg',
        2024, 'UKRAINIAN', 1, 'EIGHTEEN_PLUS', 108, 7.6,
        'Історія стрімкого і безжального сходження Наполеона Бонапарта до титулу імператора, що розглядається через призму його захоплюючих і часто мінливих стосунків із дружиною та єдиною справжньою любов''''ю — Жозефіною.',
        'https://youtu.be/dvBT-TFuyvM?si=dDOIetEKtSw59PoX', 'TWO_DIMENSIONAL', 0, 0,
        '2024-04-11', '2024-06-19',
        '2024-03-05T18:02:00.00', '2024-03-05T18:02:00.00', 'ACTIVE'),
       (2, 'Наполеон', 'Napoleon',
        'https://i.ebayimg.com/images/g/V24AAOSwc49krXiC/s-l1200.jpg',
        2023, 'UKRAINIAN', 3, 'SIXTEEN_PLUS', 158, 6.4,
        'Історія стрімкого і безжального сходження Наполеона Бонапарта до титулу імператора, що розглядається через призму його захоплюючих і часто мінливих стосунків із дружиною та єдиною справжньою любов''ю — Жозефіною.',
        'https://www.youtube.com/watch?v=WPorDcjOyQg&ab_channel=B%26HFilmDistributionCompany', 'TWO_DIMENSIONAL', 0, 0,
        '2024-04-11', '2024-06-06',
        '2023-12-14 13:08:26.00', '2023-12-14 13:08:26.00', 'ACTIVE');
--        (3, 'Оппенгеймер', 'Oppenheimer',
--         'https://uakino.club/uploads/mini/poster/96/791bb465734c97abf7ad4276783f4e.jpg',
--         2023, 'UKRAINIAN', 1, 'SIXTEEN_PLUS', 180, 8.3,
--         '"У центрі уваги творець ядерної бомби. В основу сюжету лягла книга "Американський Прометей". Герої сучасності наче міфічний атлант повернули людству блискавки великого Зевса. Генералом Леслі Гровсом головного за дослідження було призначено Роберта Оппенгеймера. Він брав участь у Манхеттенському проекті, де займався розробкою двох бомб, скинутих військовими США на території Хіросіми та Нагасакі. З того моменту суспільство називало його не інакше, як батько найбільш руйнівної зброї у світі. Після першого випробування під кодовою назвою "Трініті" вчений був сильно вражений. Він уявив себе Смертю, здатною руйнувати цілі світи. Чи змінилася його свідомість після трагічних подій у японських містах?',
--         'https://www.youtube.com/watch?v=uYPbbksJxIg', 'TWO_DIMENSIONAL', 0, 0, '2023-06-21', '2023-12-17',
--         '2023-12-14 13:13:58.00', '2023-12-14 13:13:58.00', 'ACTIVE');

INSERT INTO genres (id, name)
VALUES (1, 'Action'),
       (2, 'Adventure'),
       (3, 'Comedy'),
       (4, 'Drama'),
       (5, 'Fantasy'),
       (6, 'Horror'),
       (7, 'Mystery'),
       (8, 'Romance'),
       (9, 'Sci-Fi'),
       (10, 'Thriller'),
       (11, 'Crime'),
       (12, 'Animation'),
       (13, 'Family'),
       (14, 'History'),
       (15, 'Biography'),
       (16, 'Documentary'),
       (17, 'Musical'),
       (18, 'War'),
       (19, 'Sport'),
       (20, 'Western'),
       (21, 'Екшн'),
       (22, 'Епічний'),
       (23, 'Антиутопія');

INSERT INTO movie_genres (movie_id, genre_id)
VALUES (1, 21),
       (1, 22),
       (1, 23),
       (2, 4),
       (2, 10),
       (2, 14),
       (2, 15),
       (2, 18);

-- INSERT INTO movie_countries (movie_id, country_id)
-- VALUES (1, 1),
--        (1, 3),
--        (2, 1),
--        (2, 3);

INSERT INTO directors (id, first_name, middle_name, last_name, country_id)
VALUES (1, 'Christopher', NULL, 'Nolan', 3),
       (2, 'Steven', NULL, 'Spielberg', 1),
       (3, 'Quentin', NULL, 'Tarantino', 1),
       (4, 'Martin', NULL, 'Scorsese', 1),
       (5, 'Hayao', NULL, 'Miyazaki', 11),
       (6, 'Stanley', NULL, 'Kubrick', 1),
       (7, 'James', NULL, 'Cameron', 2),
       (8, 'Francis', 'Ford', 'Coppola', 1),
       (9, 'Alfred', NULL, 'Hitchcock', 3),
       (10, 'Рідлі', NULL, 'Скот', 1),
       (11, 'Алекс', NULL, 'Ґарленд', 1);

INSERT INTO movie_directors (movie_id, director_id)
VALUES (1, 11),
       (2, 10);

INSERT INTO actors (id, first_name, middle_name, last_name, popularity, country_id)
VALUES (1, 'Tom', NULL, 'Cruise', 0, 1),
       (2, 'Brad', NULL, 'Pitt', 0, 1),
       (3, 'Angelina', NULL, 'Jolie', 0, 2),
       (4, 'Leonardo', NULL, 'DiCaprio', 0, 1),
       (5, 'Jennifer', NULL, 'Aniston', 0, 1),
       (40, 'Кірстен', NULL, 'Данст', 0, 1),
       (41, 'Джессі', NULL, 'Племенс', 1, 1),
       (42, 'Кейлі', NULL, 'Спені', 2, 1),
       (43, 'Соноя', NULL, 'Мідзуно', 2, 1),
       (44, 'Джефферсон', NULL, 'Вайт', 2, 1),
       (45, 'Вагнер', NULL, 'Моура', 2, 1);

INSERT INTO movie_actors (movie_id, actor_id)
VALUES (1, 40),
       (1, 41),
       (1, 42),
       (1, 43),
       (1, 44),
       (1, 45),
       (2, 1),
       (2, 2);

INSERT INTO cities (id, name, country_id)
VALUES (1, 'New York', 1),
       (2, 'Los Angeles', 1),
       (3, 'Chicago', 1),
       (4, 'Toronto', 2),
       (5, 'Vancouver', 2),
       (6, 'Montreal', 2),
       (7, 'London', 3),
       (8, 'Manchester', 3),
       (9, 'Birmingham', 3),
       (10, 'Sydney', 4),
       (11, 'Melbourne', 4),
       (12, 'Brisbane', 4),
       (13, 'Kyiv', 5),
       (14, 'Ternopil', 5),
       (15, 'Vinnytsia', 5),
       (16, 'Ivano-Frankivsk', 5),
       (17, 'Lviv', 5),
       (18, 'Rivne', 5),
       (19, 'Uzhhorod', 5),
       (20, 'Khmelnytskyi', 5),
       (21, 'Chernivtsi', 5),
       (22, 'Kolomyya', 5),
       (23, 'Kamianets-Podilskyi', 5),
       (24, 'Truskavets', 5),
       (25, 'Yaremche', 5),
       (26, 'Paris', 6),
       (27, 'Marseille', 6),
       (28, 'Lyon', 6),
       (29, 'Berlin', 7),
       (30, 'Hamburg', 7),
       (31, 'Frankfurt am Main', 7),
       (32, 'Amsterdam', 8),
       (33, 'Rotterdam', 8),
       (34, 'Breda', 8),
       (35, 'Rome', 9),
       (36, 'Milan', 9),
       (37, 'Venezia', 9),
       (38, 'Beijing', 10),
       (39, 'Shanghai', 10),
       (40, 'Guangzhou', 10),
       (41, 'Tokyo', 11),
       (42, 'Osaka', 11),
       (43, 'Kyoto', 11);

INSERT INTO locations (id, city_id, shopping_mall, address, details, maps_url, created_at, updated_at)
VALUES (1, 13, 'ТРЦ Аладдін', 'вул. Михайла Гришка, 3А', NULL, 'https://maps.app.goo.gl/4QsmK1Cg8Z3N9ZHf8',
        '2020-06-14T09:30:00', '2021-10-19T14:15:00'),
       (2, 14, 'ТРЦ Подоляни', 'вул. Текстильна, 28ч,', 'Другий поверх', 'https://maps.app.goo.gl/mhzmkEReTzPXR9wK8',
        '2021-07-14T09:32:00', '2021-10-19T14:17:00');

INSERT INTO halls (id, location_id, name, type, created_at, updated_at)
VALUES (1, 1, 'Зал №1', 'DEFAULT', '2020-06-15T10:00:00', '2020-06-15T10:00:00'),
       (2, 1, 'Зал №2', 'DEFAULT', '2020-06-15T10:05:00', '2020-06-15T10:05:00'),
       (3, 1, 'Зал №3', 'DEFAULT', '2020-06-15T10:10:00', '2020-06-15T10:10:00'),
       (4, 1, 'Зал №4', 'DEFAULT', '2020-06-15T10:15:00', '2020-06-15T10:15:00'),
       (5, 1, 'ONYX', 'ONYX', '2020-06-15T10:20:00', '2020-06-15T10:20:00'),
       (6, 2, 'Зал №1', 'MIXED', '2021-07-15T09:00:00', '2021-07-15T09:00:00'),
       (7, 2, 'Зал №2', 'DEFAULT', '2021-07-15T09:05:00', '2021-07-15T09:05:00'),
       (8, 2, 'Зал №3', 'DEFAULT', '2021-07-15T09:10:00', '2021-07-15T09:10:00'),
       (9, 2, 'Зал №4', 'MIXED', '2021-07-15T09:15:00', '2021-07-15T09:15:00'),
       (10, 2, 'ONYX', 'ONYX', '2021-07-15T09:20:00', '2021-07-15T09:20:00');

INSERT INTO rows (id, hall_id, number, type, capacity)
VALUES (1, 1, 1, 'DEFAULT', 16),
       (2, 1, 2, 'DEFAULT', 18),
       (3, 1, 3, 'DEFAULT', 18),
       (4, 1, 4, 'DEFAULT', 18),
       (5, 1, 5, 'DEFAULT', 18),
       (6, 1, 6, 'DEFAULT', 18),
       (7, 1, 7, 'DEFAULT', 18),
       (8, 1, 8, 'DEFAULT', 18),
       (9, 1, 9, 'DEFAULT', 18),
       (10, 1, 10, 'DEFAULT', 21),
       (11, 2, 1, 'DEFAULT', 16),
       (12, 2, 2, 'DEFAULT', 16),
       (13, 2, 3, 'DEFAULT', 16),
       (14, 2, 4, 'DEFAULT', 16),
       (15, 2, 5, 'DEFAULT', 16),
       (16, 2, 6, 'DEFAULT', 16),
       (17, 2, 7, 'DEFAULT', 16),
       (18, 2, 8, 'DEFAULT', 16),
       (19, 2, 9, 'DEFAULT', 19),
       (20, 3, 1, 'DEFAULT', 17),
       (21, 3, 2, 'DEFAULT', 17),
       (22, 3, 3, 'DEFAULT', 17),
       (23, 3, 4, 'DEFAULT', 17),
       (24, 3, 5, 'DEFAULT', 16),
       (25, 3, 6, 'DEFAULT', 15),
       (26, 3, 7, 'DEFAULT', 15),
       (27, 3, 8, 'DEFAULT', 15),
       (28, 3, 9, 'DEFAULT', 15),
       (29, 3, 10, 'DEFAULT', 15),
       (30, 3, 11, 'DEFAULT', 17),
       (31, 3, 12, 'DEFAULT', 21),
       (32, 4, 1, 'DEFAULT', 17),
       (33, 4, 2, 'DEFAULT', 17),
       (34, 4, 3, 'DEFAULT', 17),
       (35, 4, 4, 'DEFAULT', 18),
       (36, 4, 5, 'DEFAULT', 18),
       (37, 4, 6, 'DEFAULT', 18),
       (38, 4, 7, 'DEFAULT', 18),
       (39, 4, 8, 'DEFAULT', 18),
       (40, 4, 9, 'DEFAULT', 21),
       (41, 5, 1, 'LUXURY', 10),
       (42, 5, 2, 'LUXURY', 10),
       (43, 5, 3, 'LUXURY', 8),
       (44, 5, 4, 'LUXURY', 8),
       (45, 5, 5, 'LUXURY', 8),
       (46, 6, 1, 'DEFAULT', 13),
       (47, 6, 2, 'DEFAULT', 15),
       (48, 6, 3, 'DEFAULT', 15),
       (49, 6, 4, 'DEFAULT', 15),
       (50, 6, 5, 'DEFAULT', 15),
       (51, 6, 6, 'DEFAULT', 15),
       (52, 6, 7, 'LUXURY', 12),
       (53, 7, 1, 'DEFAULT', 13),
       (54, 7, 2, 'DEFAULT', 15),
       (55, 7, 3, 'DEFAULT', 15),
       (56, 7, 4, 'DEFAULT', 15),
       (57, 7, 5, 'DEFAULT', 15),
       (58, 7, 6, 'DEFAULT', 15),
       (59, 7, 7, 'DEFAULT', 15),
       (60, 7, 8, 'DEFAULT', 16),
       (61, 8, 1, 'DEFAULT', 13),
       (62, 8, 2, 'DEFAULT', 15),
       (63, 8, 3, 'DEFAULT', 15),
       (64, 8, 4, 'DEFAULT', 15),
       (65, 8, 5, 'DEFAULT', 15),
       (66, 8, 6, 'DEFAULT', 15),
       (67, 8, 7, 'DEFAULT', 15),
       (68, 8, 8, 'DEFAULT', 16),
       (69, 9, 1, 'DEFAULT', 13),
       (70, 9, 2, 'DEFAULT', 15),
       (71, 9, 3, 'DEFAULT', 15),
       (72, 9, 4, 'DEFAULT', 15),
       (73, 9, 5, 'DEFAULT', 15),
       (74, 9, 6, 'DEFAULT', 15),
       (75, 9, 7, 'LUXURY', 12),
       (76, 10, 1, 'LUXURY', 9),
       (77, 10, 2, 'LUXURY', 9),
       (78, 10, 3, 'LUXURY', 9),
       (79, 10, 4, 'LUXURY', 9),
       (80, 10, 5, 'LUXURY', 11);

INSERT INTO sessions (id, movie_id, hall_id, start_time, end_time, prices, created_at, updated_at, status)
VALUES (1, 1, 3, '2024-06-03T12:10:00', '2024-06-03T14:06:00', ARRAY [130], '2023-12-15T08:10:00',
        '2023-12-15T10:13:00',
        'UPCOMING'),
       (2, 1, 1, '2024-06-03T17:50:00', '2024-06-03T19:35:00', ARRAY [130], '2023-12-15T08:13:00',
        '2023-12-15T08:16:00',
        'UPCOMING'),
       (3, 1, 2, '2024-06-03T20:30:00', '2024-06-03T22:15:00', ARRAY [130], '2023-12-15T08:21:00',
        '2023-12-15T8:24:00',
        'UPCOMING'),
       (4, 1, 6, '2024-06-03T10:05:00', '2024-06-03T12:01:00', ARRAY [120, 230], '2023-12-16T12:48:00',
        '2023-12-16T12:48:00',
        'UPCOMING'),
       (5, 2, 8, '2024-06-03T13:10:00', '2024-06-03T15:05:00', ARRAY [120], '2023-12-16T12:52:00',
        '2023-12-16T12:55:00',
        'UPCOMING'),
       (6, 2, 8, '2024-06-03T16:00:00', '2024-06-03T17:50:00', ARRAY [130], '2023-12-16T13:28:00',
        '2023-12-16T13:31:00',
        'UPCOMING'),
       (7, 1, 3, '2024-06-04T12:10:00', '2024-06-04T14:06:00', ARRAY [130], '2023-12-15T08:10:00',
        '2023-12-15T10:13:00',
        'UPCOMING'),
       (8, 1, 1, '2024-06-04T17:50:00', '2024-06-04T19:35:00', ARRAY [130], '2023-12-15T08:13:00',
        '2023-12-15T08:16:00',
        'UPCOMING'),
       (9, 1, 2, '2024-06-04T20:30:00', '2024-06-04T22:15:00', ARRAY [130], '2023-12-15T08:21:00',
        '2023-12-15T8:24:00',
        'UPCOMING'),
       (10, 1, 6, '2024-06-04T10:05:00', '2024-06-04T12:01:00', ARRAY [120, 230], '2023-12-16T12:48:00',
        '2023-12-16T12:48:00',
        'UPCOMING'),
       (11, 2, 8, '2024-06-04T13:10:00', '2024-06-04T15:05:00', ARRAY [120], '2023-12-16T12:52:00',
        '2023-12-16T12:55:00',
        'UPCOMING'),
       (12, 2, 8, '2024-06-04T16:00:00', '2024-06-04T17:50:00', ARRAY [130], '2023-12-16T13:28:00',
        '2023-12-16T13:31:00',
        'UPCOMING'),
       (13, 1, 3, '2024-06-05T12:10:00', '2024-06-05T14:06:00', ARRAY [130], '2023-12-15T08:10:00',
        '2023-12-15T10:13:00',
        'UPCOMING'),
       (14, 1, 1, '2024-06-05T17:50:00', '2024-06-05T19:35:00', ARRAY [130], '2023-12-15T08:13:00',
        '2023-12-15T08:16:00',
        'UPCOMING'),
       (15, 1, 2, '2024-06-05T20:30:00', '2024-06-05T22:15:00', ARRAY [130], '2023-12-15T08:21:00',
        '2023-12-15T8:24:00',
        'UPCOMING'),
       (16, 1, 6, '2024-06-05T10:05:00', '2024-06-05T12:01:00', ARRAY [120, 230], '2023-12-16T12:48:00',
        '2023-12-16T12:48:00',
        'UPCOMING'),
       (17, 2, 8, '2024-06-05T13:10:00', '2024-06-05T15:05:00', ARRAY [120], '2023-12-16T12:52:00',
        '2023-12-16T12:55:00',
        'UPCOMING'),
       (18, 2, 8, '2024-06-05T16:00:00', '2024-06-05T17:50:00', ARRAY [130], '2023-12-16T13:28:00',
        '2023-12-16T13:31:00',
        'UPCOMING'),
       (19, 1, 3, '2024-06-06T12:10:00', '2024-06-06T14:06:00', ARRAY [130], '2023-12-15T08:10:00',
        '2023-12-15T10:13:00',
        'UPCOMING'),
       (20, 1, 1, '2024-06-06T17:50:00', '2024-06-06T19:35:00', ARRAY [130], '2023-12-15T08:13:00',
        '2023-12-15T08:16:00',
        'UPCOMING'),
       (21, 1, 2, '2024-06-06T20:30:00', '2024-06-06T22:15:00', ARRAY [130], '2023-12-15T08:21:00',
        '2023-12-15T8:24:00',
        'UPCOMING'),
       (22, 1, 6, '2024-06-06T10:05:00', '2024-06-06T12:01:00', ARRAY [120, 230], '2023-12-16T12:48:00',
        '2023-12-16T12:48:00',
        'UPCOMING'),
       (23, 2, 8, '2024-06-06T13:10:00', '2024-06-06T15:05:00', ARRAY [120], '2023-12-16T12:52:00',
        '2023-12-16T12:55:00',
        'UPCOMING'),
       (24, 2, 8, '2024-06-06T16:00:00', '2024-06-06T17:50:00', ARRAY [130], '2023-12-16T13:28:00',
        '2023-12-16T13:31:00',
        'UPCOMING');

-- INSERT INTO users (id, first_name, last_name, email, password_hash, phone, role, avatar_url, registered_at, updated_at,
--                    status)
-- VALUES (1, 'Miromax', 'Cinema', 'miromaxcinema@gmail.com',
--         '809f6624fd6f4b707221b929360a67759e8d3d3f3041811046035466d6467984', '380974876985', 'ADMIN',
--         'https://example/miromax_icon.png', '2020-06-14T00:00:00', '2021-03-08T15:27:00', 'ACTIVE'),
--        (2, 'John', 'Doe', 'john.doe@gmail.com', 'bd07e489e4c07b48d139717d4c82f0a1a358e76f34b43204c16b1b18c4a9973a',
--         '195626674976', 'USER', 'https://example.com/avatar1', '2020-06-14T00:00:00', '2021-03-08T15:27:00', 'ACTIVE'),
--        (3, 'Alice', 'Smith', 'alice.smith@gmail.com',
--         'f08d4534c0873f199d6fb4a9b14ec947ff9f9c5819c35f0b7bc34c696c0a87a5',
--         '067648416816', 'MODERATOR', 'https://example.com/avatar2', '2020-06-14T00:00:00', '2021-03-08T15:27:00',
--         'UNVERIFIED'),
--        (4, 'Bob', 'Johnson', 'bob.johnson@gmail.com',
--         '6c07f71b2f89a1254d1b8762b8741e3733ff8a89fc4bc97e11e0cb8b3d5c12c7',
--         '17841634545', 'USER', 'https://example.com/avatar3', '2020-06-14T00:00:00', '2021-03-08T15:27:00', 'ACTIVE'),
--        (5, 'Eva', 'Brown', 'eva.brown@gmail.com', 'af862166da4a82d8b077d1a1f888855cf1008909bf067cd9aa6109d5a3d7ec04',
--         '23564546146', 'USER', 'https://example.com/avatar4', '2020-06-14T00:00:00', '2021-03-08T15:27:00',
--         'UNVERIFIED'),
--        (6, 'Michael', 'Miller', 'michael.miller@gmail.com',
--         '8d853f029c361544642a2cd36c5b5f9c3d91317fb6a47d0a06e36c0cbb6c9ed2', '187689561648', 'MODERATOR',
--         'https://example.com/avatar5', '2020-06-14T00:00:00', '2021-03-08T15:27:00', 'ACTIVE');

-- INSERT INTO comments (id, user_id, movie_id, content, written_at, updated_at, likes, dislikes, status)
-- VALUES (1, 6, 1, 'I can not wait to see this masterpiece!', '2023-12-14T18:28:12', '2023-12-14T18:28:12', 18, 0,
--         'APPROVED'),
--        (2, 4, 2, 'Another nice movie with Jason Statham', '2023-12-15T09:07:56', '2023-12-15T09:07:56', 6, 0,
--         'APPROVED'),
--        (3, 3, 2, 'Fghdfhiruhjkfhkjlvjdhhdkjbgjdhvkj', '2023-12-15T12:00:00', '2023-12-15T12:00:00', 0, 0, 'SPAM');

-- INSERT INTO bookings (id, session_id, user_id, seat_row_id, seat_number, price, created_at, updated_at, status)
-- VALUES (1, 1, 3, 20, 1, 130, '2023-12-14T11:37:02', '2023-12-14T11:37:02', 'PENDING'),
--        (2, 1, 3, 20, 2, 130, '2023-12-14T11:37:02', '2023-12-14T11:37:02', 'PENDING'),
--        (3, 1, 3, 20, 3, 130, '2023-12-14T11:37:02', '2023-12-14T11:37:02', 'PENDING'),
--        (4, 1, 4, 21, 1, 130, '2023-12-14T13:49:18', '2023-12-14T13:49:18', 'CONFIRMED'),
--        (5, 1, 4, 21, 2, 130, '2023-12-14T13:49:18', '2023-12-14T13:49:18', 'CONFIRMED'),
--        (6, 1, 4, 21, 7, 130, '2023-12-14T13:49:18', '2023-12-14T13:49:18', 'CONFIRMED'),
--        (7, 1, 4, 21, 8, 130, '2023-12-14T13:49:18', '2023-12-14T13:49:18', 'CONFIRMED');