INSERT INTO countries (id, code, name, flag_url)
VALUES (1, 'USA', 'United States', 'usa-flag.png'),
       (2, 'CAN', 'Canada', 'https://example.com/flag_canada.jpg'),
       (3, 'GBR', 'Great Britain', 'uk-flag.png'),
       (4, 'AUS', 'Australia', 'https://example.com/flag_australia.jpg'),
       (5, 'UKR', 'Ukraine', 'ukraine-flag.png'),
       (6, 'FRA', 'France', 'https://example.com/flag_france.jpg'),
       (7, 'GER', 'Germany', 'https://example.com/flag_germany.jpg'),
       (8, 'NLD', 'Netherlands', 'https://example.com/flag_netherlands.jpg'),
       (9, 'ITA', 'Italy', 'https://example.com/flag_italy.jpg'),
       (10, 'CHN', 'China', 'https://example.com/flag_china.jpg'),
       (11, 'JPN', 'Japan', 'https://example.com/flag_japan.jpg'),
       (12, 'IRL', 'Ireland', 'https://example.com/flag_ireland.jpg');

INSERT INTO movies (id, title_ukr, title_original, poster_url, year, dub_language, country_id, age_limit, duration,
                    imdb_rating, description, trailer_url, format, likes, dislikes, start_rental_date,
                    final_rental_date, created_at, updated_at, status)
VALUES (1, 'Повстання штатів', 'Civil War',
        'https://upload.wikimedia.org/wikipedia/uk/thumb/0/08/Civil_War_2024_film_poster.jpg/225px-Civil_War_2024_film_poster.jpg',
        2024, 'UKRAINIAN', 1, 'EIGHTEEN_PLUS', 108, 7.6,
        'Історія стрімкого і безжального сходження Наполеона Бонапарта до титулу імператора, що розглядається через призму його захоплюючих і часто мінливих стосунків із дружиною та єдиною справжньою любов''''ю — Жозефіною.',
        'https://youtu.be/dvBT-TFuyvM?si=dDOIetEKtSw59PoX', 'TWO_DIMENSIONAL', 0, 0,
        '2024-04-11', '2024-06-30',
        '2024-03-05T18:02:00.00', '2024-03-05T18:02:00.00', 'ACTIVE'),
       (2, 'Наполеон', 'Napoleon',
        'https://i.ebayimg.com/images/g/V24AAOSwc49krXiC/s-l1200.jpg',
        2023, 'UKRAINIAN', 3, 'SIXTEEN_PLUS', 158, 6.4,
        'Історія стрімкого і безжального сходження Наполеона Бонапарта до титулу імператора, що розглядається через призму його захоплюючих і часто мінливих стосунків із дружиною та єдиною справжньою любов''ю — Жозефіною.',
        'https://www.youtube.com/watch?v=WPorDcjOyQg&ab_channel=B%26HFilmDistributionCompany', 'TWO_DIMENSIONAL', 0, 0,
        '2024-04-11', '2024-06-27',
        '2023-12-14 13:08:26.00', '2023-12-14 13:08:26.00', 'ACTIVE'),
       (3, 'Оппенгеймер', 'Oppenheimer',
        'https://m.media-amazon.com/images/M/MV5BMDBmYTZjNjUtN2M1MS00MTQ2LTk2ODgtNzc2M2QyZGE5NTVjXkEyXkFqcGdeQXVyNzAwMjU2MTY@._V1_.jpg',
        2024, 'UKRAINIAN', 1, 'SIXTEEN_PLUS', 180, 8.3,
        '"У центрі уваги творець ядерної бомби. В основу сюжету лягла книга "Американський Прометей". Герої сучасності наче міфічний атлант повернули людству блискавки великого Зевса. Генералом Леслі Гровсом головного за дослідження було призначено Роберта Оппенгеймера. Він брав участь у Манхеттенському проекті, де займався розробкою двох бомб, скинутих військовими США на території Хіросіми та Нагасакі. З того моменту суспільство називало його не інакше, як батько найбільш руйнівної зброї у світі. Після першого випробування під кодовою назвою "Трініті" вчений був сильно вражений. Він уявив себе Смертю, здатною руйнувати цілі світи. Чи змінилася його свідомість після трагічних подій у японських містах?',
        'https://www.youtube.com/watch?v=uYPbbksJxIg', 'TWO_DIMENSIONAL', 0, 0, '2024-06-21', '2024-08-02',
        '2023-12-14 13:13:58.00', '2023-12-14 13:13:58.00', 'UPCOMING');

INSERT INTO genres (id, name)
VALUES (1, 'Бойовик'),
       (2, 'Пригоди'),
       (3, 'Комедія'),
       (4, 'Драма'),
       (5, 'Фентезі'),
       (6, 'Жахи'),
       (7, 'Детектив'),
       (8, 'Романтика'),
       (9, 'Наукова фантастика'),
       (10, 'Трилер'),
       (11, 'Кримінал'),
       (12, 'Анімація'),
       (13, 'Сімейний'),
       (14, 'Історичний'),
       (15, 'Біографія'),
       (16, 'Документальний'),
       (17, 'Мюзикл'),
       (18, 'Військовий'),
       (19, 'Спорт'),
       (20, 'Вестерн'),
       (21, 'Екшн'),
       (22, 'Епічний'),
       (23, 'Антиутопія');


INSERT INTO movie_genres (movie_id, genre_id)
VALUES (1, 21),
       (1, 22),
       (1, 23),
       (2, 4),
       (2, 10),
       (2, 14),
       (2, 15),
       (2, 18),
       (3, 15),
       (3, 4),
       (3, 14);

-- INSERT INTO movie_countries (movie_id, country_id)
-- VALUES (1, 1),
--        (1, 3),
--        (2, 1),
--        (2, 3);

INSERT INTO directors (id, first_name, middle_name, last_name, country_id)
VALUES (1, 'Крістофер', NULL, 'Нолан', 3),
       (2, 'Стівен', NULL, 'Спілберг', 1),
       (3, 'Квентін', NULL, 'Тарантіно', 1),
       (4, 'Мартін', NULL, 'Скорсезе', 1),
       (5, 'Хаяо', NULL, 'Міядзакі', 11),
       (6, 'Стенлі', NULL, 'Кубрик', 1),
       (7, 'Джеймс', NULL, 'Кемерон', 2),
       (8, 'Френсіс', 'Форд', 'Коппола', 1),
       (9, 'Альфред', NULL, 'Гічкок', 3),
       (10, 'Рідлі', NULL, 'Скотт', 1),
       (11, 'Алекс', NULL, 'Ґарленд', 1);


INSERT INTO movie_directors (movie_id, director_id)
VALUES (1, 11),
       (2, 10),
       (3, 1);

INSERT INTO actors (id, first_name, middle_name, last_name, popularity, country_id)
VALUES (1, 'Том', NULL, 'Круз', 0, 1),
       (2, 'Бред', NULL, 'Пітт', 0, 1),
       (3, 'Анджеліна', NULL, 'Джолі', 0, 2),
       (4, 'Леонардо', NULL, 'ДіКапріо', 0, 1),
       (5, 'Дженніфер', NULL, 'Еністон', 0, 1),
       (6, 'Кіліан', NULL, 'Мерфі', 0, 1),
       (7, 'Емілі', NULL, 'Блант', 0, 1),
       (8, 'Мет', NULL, 'Деймон', 0, 1),
       (9, 'Роберт', NULL, 'Дауні-молодший', 0, 1),
       (10, 'Ґері', NULL, 'Олдмен', 1, 1),
       (11, 'Джош', NULL, 'Гарнетт', 2, 1),
       (40, 'Кірстен', NULL, 'Данст', 0, 1),
       (41, 'Джессі', NULL, 'Племенс', 1, 1),
       (42, 'Кейлі', NULL, 'Спені', 2, 1),
       (43, 'Соноя', NULL, 'Мідзуно', 2, 1),
       (44, 'Джефферсон', NULL, 'Вайт', 2, 1),
       (45, 'Вагнер', NULL, 'Моура', 2, 1);


INSERT INTO movie_actors (movie_id, actor_id)
VALUES (1, 40),
       (1, 41),
       (1, 42),
       (1, 43),
       (1, 44),
       (1, 45),
       (2, 1),
       (2, 2),
       (3, 6),
       (3, 7),
       (3, 8),
       (3, 9),
       (3, 10),
       (3, 11);

INSERT INTO cities (id, name, country_id)
VALUES (1, 'Нью-Йорк', 1),
       (2, 'Лос-Анджелес', 1),
       (3, 'Чикаго', 1),
       (4, 'Торонто', 2),
       (5, 'Ванкувер', 2),
       (6, 'Монреаль', 2),
       (7, 'Лондон', 3),
       (8, 'Манчестер', 3),
       (9, 'Бірмінгем', 3),
       (10, 'Сідней', 4),
       (11, 'Мельбурн', 4),
       (12, 'Брисбен', 4),
       (13, 'Київ', 5),
       (14, 'Тернопіль', 5),
       (15, 'Вінниця', 5),
       (16, 'Івано-Франківськ', 5),
       (17, 'Львів', 5),
       (18, 'Рівне', 5),
       (19, 'Ужгород', 5),
       (20, 'Хмельницький', 5),
       (21, 'Чернівці', 5),
       (22, 'Коломия', 5),
       (23, 'Кам\"янець-Подільський', 5),
       (24, 'Трускавець', 5),
       (25, 'Яремче', 5),
       (26, 'Париж', 6),
       (27, 'Марсель', 6),
       (28, 'Ліон', 6),
       (29, 'Берлін', 7),
       (30, 'Гамбург', 7),
       (31, 'Франкфурт-на-Майні', 7),
       (32, 'Амстердам', 8),
       (33, 'Роттердам', 8),
       (34, 'Бреда', 8),
       (35, 'Рим', 9),
       (36, 'Мілан', 9),
       (37, 'Венеція', 9),
       (38, 'Пекін', 10),
       (39, 'Шанхай', 10),
       (40, 'Гуанчжоу', 10),
       (41, 'Токіо', 11),
       (42, 'Осака', 11),
       (43, 'Кіото', 11);


INSERT INTO locations (id, city_id, shopping_mall, address, details, maps_url, created_at, updated_at)
VALUES (1, 13, 'ТРЦ Аладдін', 'вул. Михайла Гришка, 3А', NULL, 'https://maps.app.goo.gl/4QsmK1Cg8Z3N9ZHf8',
        '2020-06-14T09:30:00', '2021-10-19T14:15:00'),
       (2, 14, 'ТРЦ Подоляни', 'вул. Текстильна, 28ч,', 'Другий поверх', 'https://maps.app.goo.gl/mhzmkEReTzPXR9wK8',
        '2021-07-14T09:32:00', '2021-10-19T14:17:00');

INSERT INTO halls (id, location_id, name, type, created_at, updated_at)
VALUES (1, 1, 'Зал №1', 'DEFAULT', '2020-06-15T10:00:00', '2020-06-15T10:00:00'),
       (2, 1, 'Зал №2', 'DEFAULT', '2020-06-15T10:05:00', '2020-06-15T10:05:00'),
       (3, 1, 'Зал №3', 'DEFAULT', '2020-06-15T10:10:00', '2020-06-15T10:10:00'),
       (4, 1, 'Зал №4', 'DEFAULT', '2020-06-15T10:15:00', '2020-06-15T10:15:00'),
       (5, 1, 'ONYX', 'ONYX', '2020-06-15T10:20:00', '2020-06-15T10:20:00'),
       (6, 2, 'Зал №1', 'MIXED', '2021-07-15T09:00:00', '2021-07-15T09:00:00'),
       (7, 2, 'Зал №2', 'DEFAULT', '2021-07-15T09:05:00', '2021-07-15T09:05:00'),
       (8, 2, 'Зал №3', 'DEFAULT', '2021-07-15T09:10:00', '2021-07-15T09:10:00'),
       (9, 2, 'Зал №4', 'MIXED', '2021-07-15T09:15:00', '2021-07-15T09:15:00'),
       (10, 2, 'ONYX', 'ONYX', '2021-07-15T09:20:00', '2021-07-15T09:20:00');

INSERT INTO rows (id, hall_id, number, type, capacity)
VALUES (1, 1, 1, 'DEFAULT', 16),
       (2, 1, 2, 'DEFAULT', 18),
       (3, 1, 3, 'DEFAULT', 18),
       (4, 1, 4, 'DEFAULT', 18),
       (5, 1, 5, 'DEFAULT', 18),
       (6, 1, 6, 'DEFAULT', 18),
       (7, 1, 7, 'DEFAULT', 18),
       (8, 1, 8, 'DEFAULT', 18),
       (9, 1, 9, 'DEFAULT', 18),
       (10, 1, 10, 'DEFAULT', 21),
       (11, 2, 1, 'DEFAULT', 16),
       (12, 2, 2, 'DEFAULT', 16),
       (13, 2, 3, 'DEFAULT', 16),
       (14, 2, 4, 'DEFAULT', 16),
       (15, 2, 5, 'DEFAULT', 16),
       (16, 2, 6, 'DEFAULT', 16),
       (17, 2, 7, 'DEFAULT', 16),
       (18, 2, 8, 'DEFAULT', 16),
       (19, 2, 9, 'DEFAULT', 19),
       (20, 3, 1, 'DEFAULT', 17),
       (21, 3, 2, 'DEFAULT', 17),
       (22, 3, 3, 'DEFAULT', 17),
       (23, 3, 4, 'DEFAULT', 17),
       (24, 3, 5, 'DEFAULT', 16),
       (25, 3, 6, 'DEFAULT', 15),
       (26, 3, 7, 'DEFAULT', 15),
       (27, 3, 8, 'DEFAULT', 15),
       (28, 3, 9, 'DEFAULT', 15),
       (29, 3, 10, 'DEFAULT', 15),
       (30, 3, 11, 'DEFAULT', 17),
       (31, 3, 12, 'DEFAULT', 21),
       (32, 4, 1, 'DEFAULT', 17),
       (33, 4, 2, 'DEFAULT', 17),
       (34, 4, 3, 'DEFAULT', 17),
       (35, 4, 4, 'DEFAULT', 18),
       (36, 4, 5, 'DEFAULT', 18),
       (37, 4, 6, 'DEFAULT', 18),
       (38, 4, 7, 'DEFAULT', 18),
       (39, 4, 8, 'DEFAULT', 18),
       (40, 4, 9, 'DEFAULT', 21),
       (41, 5, 1, 'LUXURY', 10),
       (42, 5, 2, 'LUXURY', 10),
       (43, 5, 3, 'LUXURY', 8),
       (44, 5, 4, 'LUXURY', 8),
       (45, 5, 5, 'LUXURY', 8),
       (46, 6, 1, 'DEFAULT', 13),
       (47, 6, 2, 'DEFAULT', 15),
       (48, 6, 3, 'DEFAULT', 15),
       (49, 6, 4, 'DEFAULT', 15),
       (50, 6, 5, 'DEFAULT', 15),
       (51, 6, 6, 'DEFAULT', 15),
       (52, 6, 7, 'LUXURY', 12),
       (53, 7, 1, 'DEFAULT', 13),
       (54, 7, 2, 'DEFAULT', 15),
       (55, 7, 3, 'DEFAULT', 15),
       (56, 7, 4, 'DEFAULT', 15),
       (57, 7, 5, 'DEFAULT', 15),
       (58, 7, 6, 'DEFAULT', 15),
       (59, 7, 7, 'DEFAULT', 15),
       (60, 7, 8, 'DEFAULT', 16),
       (61, 8, 1, 'DEFAULT', 13),
       (62, 8, 2, 'DEFAULT', 15),
       (63, 8, 3, 'DEFAULT', 15),
       (64, 8, 4, 'DEFAULT', 15),
       (65, 8, 5, 'DEFAULT', 15),
       (66, 8, 6, 'DEFAULT', 15),
       (67, 8, 7, 'DEFAULT', 15),
       (68, 8, 8, 'DEFAULT', 16),
       (69, 9, 1, 'DEFAULT', 13),
       (70, 9, 2, 'DEFAULT', 15),
       (71, 9, 3, 'DEFAULT', 15),
       (72, 9, 4, 'DEFAULT', 15),
       (73, 9, 5, 'DEFAULT', 15),
       (74, 9, 6, 'DEFAULT', 15),
       (75, 9, 7, 'LUXURY', 12),
       (76, 10, 1, 'LUXURY', 9),
       (77, 10, 2, 'LUXURY', 9),
       (78, 10, 3, 'LUXURY', 9),
       (79, 10, 4, 'LUXURY', 9),
       (80, 10, 5, 'LUXURY', 11);

INSERT INTO sessions (id, movie_id, hall_id, start_time, end_time, prices, created_at, updated_at, status)
VALUES
    -- Location 1, Film 1
    (1, 1, 1, NOW()::date + interval '10:00:00', NOW()::date + interval '12:00:00', ARRAY [100],
     NOW()::date - interval '1 month', NOW()::date - interval '1 month', 'UPCOMING'),
    (2, 1, 2, NOW()::date + interval '12:30:00', NOW()::date + interval '14:30:00', ARRAY [100],
     NOW()::date - interval '1 month', NOW()::date - interval '1 month', 'ACTIVE'),
    (3, 1, 3, NOW()::date + interval '15:00:00', NOW()::date + interval '17:00:00', ARRAY [100],
     NOW()::date - interval '1 month', NOW()::date - interval '1 month', 'UPCOMING'),
    (4, 1, 4, NOW()::date + interval '17:30:00', NOW()::date + interval '19:30:00', ARRAY [100],
     NOW()::date - interval '1 month', NOW()::date - interval '1 month', 'UPCOMING'),
    (5, 1, 5, NOW()::date + interval '20:00:00', NOW()::date + interval '22:00:00', ARRAY [150],
     NOW()::date - interval '1 month', NOW()::date - interval '1 month', 'UPCOMING'),
    -- Location 1, Film 2
    (6, 2, 1, NOW()::date + interval '10:15:00', NOW()::date + interval '12:15:00', ARRAY [100],
     NOW()::date - interval '1 month', NOW()::date - interval '1 month', 'UPCOMING'),
    (7, 2, 2, NOW()::date + interval '12:45:00', NOW()::date + interval '14:45:00', ARRAY [100],
     NOW()::date - interval '1 month', NOW()::date - interval '1 month', 'UPCOMING'),
    (8, 2, 3, NOW()::date + interval '15:15:00', NOW()::date + interval '17:15:00', ARRAY [100],
     NOW()::date - interval '1 month', NOW()::date - interval '1 month', 'UPCOMING'),
    (9, 2, 4, NOW()::date + interval '17:45:00', NOW()::date + interval '19:45:00', ARRAY [100],
     NOW()::date - interval '1 month', NOW()::date - interval '1 month', 'UPCOMING'),
    (10, 2, 5, NOW()::date + interval '20:15:00', NOW()::date + interval '22:15:00', ARRAY [150],
     NOW()::date - interval '1 month', NOW()::date - interval '1 month', 'UPCOMING'),
    -- Location 2, Film 1
    (11, 1, 6, NOW()::date + interval '10:00:00', NOW()::date + interval '12:00:00', ARRAY [100, 200],
     NOW()::date - interval '1 month', NOW()::date - interval '1 month', 'UPCOMING'),
    (12, 1, 7, NOW()::date + interval '12:30:00', NOW()::date + interval '14:30:00', ARRAY [100],
     NOW()::date - interval '1 month', NOW()::date - interval '1 month', 'UPCOMING'),
    (13, 1, 8, NOW()::date + interval '15:00:00', NOW()::date + interval '17:00:00', ARRAY [100],
     NOW()::date - interval '1 month', NOW()::date - interval '1 month', 'UPCOMING'),
    (14, 1, 9, NOW()::date + interval '17:30:00', NOW()::date + interval '19:30:00', ARRAY [100, 200],
     NOW()::date - interval '1 month', NOW()::date - interval '1 month', 'UPCOMING'),
    (15, 1, 10, NOW()::date + interval '20:00:00', NOW()::date + interval '22:00:00', ARRAY [200],
     NOW()::date - interval '1 month', NOW()::date - interval '1 month', 'UPCOMING'),
    -- Location 2, Film 2
    (16, 2, 6, NOW()::date + interval '10:15:00', NOW()::date + interval '12:15:00', ARRAY [100, 200],
     NOW()::date - interval '1 month', NOW()::date - interval '1 month', 'UPCOMING'),
    (17, 2, 7, NOW()::date + interval '12:45:00', NOW()::date + interval '14:45:00', ARRAY [100],
     NOW()::date - interval '1 month', NOW()::date - interval '1 month', 'UPCOMING'),
    (18, 2, 8, NOW()::date + interval '15:15:00', NOW()::date + interval '17:15:00', ARRAY [100],
     NOW()::date - interval '1 month', NOW()::date - interval '1 month', 'UPCOMING'),
    (19, 2, 9, NOW()::date + interval '17:45:00', NOW()::date + interval '19:45:00', ARRAY [100, 200],
     NOW()::date - interval '1 month', NOW()::date - interval '1 month', 'UPCOMING'),
    (20, 2, 10, NOW()::date + interval '20:15:00', NOW()::date + interval '22:15:00', ARRAY [200],
     NOW()::date - interval '1 month', NOW()::date - interval '1 month', 'UPCOMING');


-- Repeat the pattern for each day up to 2024-06-25


-- INSERT INTO sessions (id, movie_id, hall_id, start_time, end_time, prices, created_at, updated_at, status)
-- VALUES (1, 1, 3, '2024-06-03T12:10:00', '2024-06-03T14:06:00', ARRAY [130], '2023-12-15T08:10:00',
--         '2023-12-15T10:13:00',
--         'UPCOMING'),
--        (2, 1, 1, '2024-06-03T17:50:00', '2024-06-03T19:35:00', ARRAY [130], '2023-12-15T08:13:00',
--         '2023-12-15T08:16:00',
--         'UPCOMING'),
--        (3, 1, 2, '2024-06-03T20:30:00', '2024-06-03T22:15:00', ARRAY [130], '2023-12-15T08:21:00',
--         '2023-12-15T8:24:00',
--         'UPCOMING'),
--        (4, 1, 6, '2024-06-03T10:05:00', '2024-06-03T12:01:00', ARRAY [120, 230], '2023-12-16T12:48:00',
--         '2023-12-16T12:48:00',
--         'UPCOMING'),
--        (5, 2, 8, '2024-06-03T13:10:00', '2024-06-03T15:05:00', ARRAY [120], '2023-12-16T12:52:00',
--         '2023-12-16T12:55:00',
--         'UPCOMING'),
--        (6, 2, 8, '2024-06-03T16:00:00', '2024-06-03T17:50:00', ARRAY [130], '2023-12-16T13:28:00',
--         '2023-12-16T13:31:00',
--         'UPCOMING'),
--        (7, 1, 3, '2024-06-04T12:10:00', '2024-06-04T14:06:00', ARRAY [130], '2023-12-15T08:10:00',
--         '2023-12-15T10:13:00',
--         'UPCOMING'),
--        (8, 1, 1, '2024-06-04T17:50:00', '2024-06-04T19:35:00', ARRAY [130], '2023-12-15T08:13:00',
--         '2023-12-15T08:16:00',
--         'UPCOMING'),
--        (9, 1, 2, '2024-06-04T20:30:00', '2024-06-04T22:15:00', ARRAY [130], '2023-12-15T08:21:00',
--         '2023-12-15T8:24:00',
--         'UPCOMING'),
--        (10, 1, 6, '2024-06-04T10:05:00', '2024-06-04T12:01:00', ARRAY [120, 230], '2023-12-16T12:48:00',
--         '2023-12-16T12:48:00',
--         'UPCOMING'),
--        (11, 2, 8, '2024-06-04T13:10:00', '2024-06-04T15:05:00', ARRAY [120], '2023-12-16T12:52:00',
--         '2023-12-16T12:55:00',
--         'UPCOMING'),
--        (12, 1, 8, '2024-06-04T16:00:00', '2024-06-04T17:50:00', ARRAY [130], '2023-12-16T13:28:00',
--         '2023-12-16T13:31:00',
--         'UPCOMING'),
--        (13, 1, 3, '2024-06-05T12:10:00', '2024-06-05T14:06:00', ARRAY [130], '2023-12-15T08:10:00',
--         '2023-12-15T10:13:00',
--         'UPCOMING'),
--        (14, 1, 1, '2024-06-05T17:50:00', '2024-06-05T19:35:00', ARRAY [130], '2023-12-15T08:13:00',
--         '2023-12-15T08:16:00',
--         'UPCOMING'),
--        (15, 1, 2, '2024-06-05T20:30:00', '2024-06-05T22:15:00', ARRAY [130], '2023-12-15T08:21:00',
--         '2023-12-15T8:24:00',
--         'UPCOMING'),
--        (16, 1, 6, '2024-06-05T10:05:00', '2024-06-05T12:01:00', ARRAY [120, 230], '2023-12-16T12:48:00',
--         '2023-12-16T12:48:00',
--         'UPCOMING'),
--        (17, 2, 8, '2024-06-05T13:10:00', '2024-06-05T15:05:00', ARRAY [120], '2023-12-16T12:52:00',
--         '2023-12-16T12:55:00',
--         'UPCOMING'),
--        (18, 2, 8, '2024-06-05T16:00:00', '2024-06-05T17:50:00', ARRAY [130], '2023-12-16T13:28:00',
--         '2023-12-16T13:31:00',
--         'UPCOMING'),
--        (19, 1, 3, '2024-06-06T12:10:00', '2024-06-06T14:06:00', ARRAY [130], '2023-12-15T08:10:00',
--         '2023-12-15T10:13:00',
--         'UPCOMING'),
--        (20, 1, 1, '2024-06-06T17:50:00', '2024-06-06T19:35:00', ARRAY [130], '2023-12-15T08:13:00',
--         '2023-12-15T08:16:00',
--         'UPCOMING'),
--        (21, 1, 2, '2024-06-06T20:30:00', '2024-06-06T22:15:00', ARRAY [130], '2023-12-15T08:21:00',
--         '2023-12-15T8:24:00',
--         'UPCOMING'),
--        (22, 1, 6, '2024-06-06T10:05:00', '2024-06-06T12:01:00', ARRAY [120, 230], '2023-12-16T12:48:00',
--         '2023-12-16T12:48:00',
--         'UPCOMING'),
--        (23, 2, 8, '2024-06-06T13:10:00', '2024-06-06T15:05:00', ARRAY [120], '2023-12-16T12:52:00',
--         '2023-12-16T12:55:00',
--         'UPCOMING'),
--        (24, 2, 8, '2024-06-06T16:00:00', '2024-06-06T17:50:00', ARRAY [130], '2023-12-16T13:28:00',
--         '2023-12-16T13:31:00',
--         'UPCOMING');

INSERT INTO users (id, user_name, email, password, role, avatar_url, registered_at, updated_at, status)
VALUES (1, 'Miromax', 'miromax.cinema@gmail.com', '$2a$10$.bWHcC0hDqEtCi7aZUMdqOP0S.m9.iHH4AOGdDQZduLU6AIqIkKGe',
        'ADMIN', 'https://example/miromax_icon.png', '2020-06-14T00:00:00', '2021-03-08T15:27:00', 'ACTIVE'),
       (2, 'JohnDoe', 'johndoe@example.com', '$2a$10$8vK98sK7i1iBdM8O45ZzE.Z7/hKbG0eOQwF9uO3c1qHkKJzOw8jFi',
        'MODERATOR', 'https://example/johndoe_icon.png', '2021-01-10T12:00:00', '2021-01-10T12:00:00', 'ACTIVE'),
       (3, 'JaneSmith', 'janesmith@example.com', '$2a$10$V8gOGS3/bW3fU5.jhC45Iu1wvQK/rP7aK4X1eQf3h5v0E0ZxOZ9j6',
        'MODERATOR', 'https://example/janesmith_icon.png', '2021-02-15T08:30:00', '2021-02-15T08:30:00', 'ACTIVE'),
       (4, 'AliceJohnson', 'alicejohnson@example.com', '$2a$10$k3S8HjF6n6k5fM5sX5G.xO9EoB1Hr1v7B8G6sK3oV8jK5kWzT9Y9U',
        'MODERATOR', 'https://example/alicejohnson_icon.png', '2021-03-20T14:45:00', '2021-03-20T14:45:00', 'ACTIVE'),
       (5, 'BobBrown', 'bobbrown@example.com', '$2a$10$H5Y8L7S2m6L9kF3sR2Hc1oK8hV9jK4Lw6K8mR2eP5L9jK5xT3Y5hE', 'USER',
        'https://example/bobbrown_icon.png', '2021-04-01T10:10:00', '2021-04-01T10:10:00', 'ACTIVE'),
       (6, 'CharlieDavis', 'charliedavis@example.com', '$2a$10$P6G9F7L8n6K5fG2rS1Hc2oL9gV8jP3Lx7J7nQ3rT6L8jQ6xU3Z7dE',
        'USER', 'https://example/charliedavis_icon.png', '2021-04-10T11:20:00', '2021-04-10T11:20:00', 'UNVERIFIED'),
       (7, 'DianaEvans', 'dianaevans@example.com', '$2a$10$L8H9F7S6n5K4gF3rQ2Hc3oL8fV7jP3Qx6K7mP3rR5L7jP5xV2Y6eE',
        'USER', 'https://example/dianaevans_icon.png', '2021-04-20T12:30:00', '2021-04-20T12:30:00', 'ACTIVE'),
       (8, 'EveMartinez', 'evemartinez@example.com', '$2a$10$N5G9E7L6m4K3fF3rQ2Hc4oL9eV6jN3Qw5L7mP2rR4L7jQ5xT1Z5dE',
        'USER', 'https://example/evemartinez_icon.png', '2021-05-01T13:40:00', '2021-05-01T13:40:00', 'UNVERIFIED'),
       (9, 'FrankTaylor', 'franktaylor@example.com', '$2a$10$M4F9D7L5n3K2gE2rP1Hc5oM8dV5jO2Qw4K7mO2rQ3K6jO4xU2Y4dD',
        'USER', 'https://example/franktaylor_icon.png', '2021-05-10T14:50:00', '2021-05-10T14:50:00', 'UNVERIFIED');


-- INSERT INTO comments (id, user_id, movie_id, content, written_at, updated_at, likes, dislikes, status)
-- VALUES (1, 6, 1, 'I can not wait to see this masterpiece!', '2023-12-14T18:28:12', '2023-12-14T18:28:12', 18, 0,
--         'APPROVED'),
--        (2, 4, 2, 'Another nice movie with Jason Statham', '2023-12-15T09:07:56', '2023-12-15T09:07:56', 6, 0,
--         'APPROVED'),
--        (3, 3, 2, 'Fghdfhiruhjkfhkjlvjdhhdkjbgjdhvkj', '2023-12-15T12:00:00', '2023-12-15T12:00:00', 0, 0, 'SPAM');

-- INSERT INTO bookings (id, session_id, user_id, seat_row_id, seat_number, price, created_at, updated_at, status)
-- VALUES (1, 1, 3, 20, 1, 130, '2023-12-14T11:37:02', '2023-12-14T11:37:02', 'PENDING'),
--        (2, 1, 3, 20, 2, 130, '2023-12-14T11:37:02', '2023-12-14T11:37:02', 'PENDING'),
--        (3, 1, 3, 20, 3, 130, '2023-12-14T11:37:02', '2023-12-14T11:37:02', 'PENDING'),
--        (4, 1, 4, 21, 1, 130, '2023-12-14T13:49:18', '2023-12-14T13:49:18', 'CONFIRMED'),
--        (5, 1, 4, 21, 2, 130, '2023-12-14T13:49:18', '2023-12-14T13:49:18', 'CONFIRMED'),
--        (6, 1, 4, 21, 7, 130, '2023-12-14T13:49:18', '2023-12-14T13:49:18', 'CONFIRMED'),
--        (7, 1, 4, 21, 8, 130, '2023-12-14T13:49:18', '2023-12-14T13:49:18', 'CONFIRMED');

SELECT setval('actors_seq', (SELECT MAX(id) FROM actors));
SELECT setval('bookings_seq', (SELECT MAX(id) FROM bookings));
SELECT setval('cities_seq', (SELECT MAX(id) FROM cities));
SELECT setval('comments_seq', (SELECT MAX(id) FROM comments));
SELECT setval('countries_seq', (SELECT MAX(id) FROM countries));
SELECT setval('directors_seq', (SELECT MAX(id) FROM directors));
SELECT setval('genres_seq', (SELECT MAX(id) FROM genres));
SELECT setval('halls_seq', (SELECT MAX(id) FROM halls));
SELECT setval('locations_seq', (SELECT MAX(id) FROM locations));
SELECT setval('movies_seq', (SELECT MAX(id) FROM movies));
SELECT setval('rows_seq', (SELECT MAX(id) FROM rows));
SELECT setval('sessions_seq', (SELECT MAX(id) FROM sessions));
SELECT setval('users_seq', (SELECT MAX(id) FROM users));